datetime,chA_VIR_Recipe_Name,chA_VIR_Step_Name,chA_Recipe_Curr_Chamber_Status,chA_AO_mfc1_setpoint_SiH2Cl2,chA_AI_mfc1_flow_SiH2Cl2,chA_AO_mfc2_setpoint_N2O,chA_AI_mfc2_flow_N2O,chA_VIR_Heater_Temp_Set,chA_VIR_Heater_Temp,chA_AO_RPS_Power_Setpoint,chA_AI_RPS_Delivery_Power
23/06/26 09:00:00,IDLE,Idle,Idle,0.0,0.0,0.0,0.75,360.0,360.0,0.0,0.0
23/06/26 09:00:05,IDLE,Idle,Idle,0.0,0.05,0.0,0.747,360.0,360.006,0.0,0.192
23/06/26 09:00:10,IDLE,Idle,Idle,0.0,0.099,0.0,0.738,360.0,360.012,0.0,0.383
23/06/26 09:00:15,IDLE,Idle,Idle,0.0,0.147,0.0,0.722,360.0,360.018,0.0,0.572
23/06/26 09:00:20,IDLE,Idle,Idle,0.0,0.193,0.0,0.701,360.0,360.024,0.0,0.757
23/06/26 09:00:25,IDLE,Idle,Idle,0.0,0.237,0.0,0.674,360.0,360.03,0.0,0.938
23/06/26 09:00:30,IDLE,Idle,Idle,0.0,0.278,0.0,0.641,360.0,360.036,0.0,1.113
23/06/26 09:00:35,IDLE,Idle,Idle,0.0,0.316,0.0,0.603,360.0,360.042,0.0,1.282
23/06/26 09:00:40,IDLE,Idle,Idle,0.0,0.349,0.0,0.56,360.0,360.048,0.0,1.443
23/06/26 09:00:45,IDLE,Idle,Idle,0.0,0.379,0.0,0.513,360.0,360.054,0.0,1.596
23/06/26 09:00:50,IDLE,Idle,Idle,0.0,0.403,0.0,0.461,360.0,360.06,0.0,1.739
23/06/26 09:00:55,IDLE,Idle,Idle,0.0,0.423,0.0,0.405,360.0,360.066,0.0,1.872
23/06/26 09:01:00,IDLE,Idle,Idle,0.0,0.437,0.0,0.346,360.0,360.072,0.0,1.994
23/06/26 09:01:05,IDLE,Idle,Idle,0.0,0.446,0.0,0.284,360.0,360.078,0.0,2.104
23/06/26 09:01:10,IDLE,Idle,Idle,0.0,0.45,0.0,0.22,360.0,360.084,0.0,2.201
23/06/26 09:01:15,IDLE,Idle,Idle,0.0,0.448,0.0,0.154,360.0,360.089,0.0,2.286
23/06/26 09:01:20,IDLE,Idle,Idle,0.0,0.44,0.0,0.087,360.0,360.095,0.0,2.357
23/06/26 09:01:25,IDLE,Idle,Idle,0.0,0.427,0.0,0.019,360.0,360.101,0.0,2.414
23/06/26 09:01:30,IDLE,Idle,Idle,0.0,0.409,0.0,-0.049,360.0,360.106,0.0,2.457
23/06/26 09:01:35,IDLE,Idle,Idle,0.0,0.386,0.0,-0.117,360.0,360.112,0.0,2.485
23/06/26 09:01:40,IDLE,Idle,Idle,0.0,0.358,0.0,-0.184,360.0,360.117,0.0,2.499
23/06/26 09:01:45,IDLE,Idle,Idle,0.0,0.325,0.0,-0.249,360.0,360.123,0.0,2.498
23/06/26 09:01:50,IDLE,Idle,Idle,0.0,0.289,0.0,-0.312,360.0,360.128,0.0,2.482
23/06/26 09:01:55,IDLE,Idle,Idle,0.0,0.249,0.0,-0.373,360.0,360.133,0.0,2.451
23/06/26 09:02:00,IDLE,Idle,Idle,0.0,0.206,0.0,-0.43,360.0,360.138,0.0,2.406
23/06/26 09:02:05,IDLE,Idle,Idle,0.0,0.16,0.0,-0.484,360.0,360.143,0.0,2.346
23/06/26 09:02:10,IDLE,Idle,Idle,0.0,0.113,0.0,-0.534,360.0,360.148,0.0,2.273
23/06/26 09:02:15,IDLE,Idle,Idle,0.0,0.064,0.0,-0.58,360.0,360.153,0.0,2.187
23/06/26 09:02:20,IDLE,Idle,Idle,0.0,0.014,0.0,-0.621,360.0,360.158,0.0,2.087
23/06/26 09:02:25,IDLE,Idle,Idle,0.0,-0.036,0.0,-0.656,360.0,360.162,0.0,1.975
23/06/26 09:02:30,IDLE,Idle,Idle,0.0,-0.086,0.0,-0.687,360.0,360.167,0.0,1.851
23/06/26 09:02:35,IDLE,Idle,Idle,0.0,-0.134,0.0,-0.711,360.0,360.172,0.0,1.717
23/06/26 09:02:40,IDLE,Idle,Idle,0.0,-0.181,0.0,-0.73,360.0,360.176,0.0,1.572
23/06/26 09:02:45,IDLE,Idle,Idle,0.0,-0.226,0.0,-0.742,360.0,360.18,0.0,1.418
23/06/26 09:02:50,IDLE,Idle,Idle,0.0,-0.267,0.0,-0.749,360.0,360.184,0.0,1.256
23/06/26 09:02:55,IDLE,Idle,Idle,0.0,-0.306,0.0,-0.749,360.0,360.188,0.0,1.086
23/06/26 09:03:00,OXIDE_DEP_2406_A,Preheat,Recipe Running,0.0,-0.341,20.0,19.256,360.0,360.192,0.0,0.91
23/06/26 09:03:05,OXIDE_DEP_2406_A,Preheat,Recipe Running,0.0,-0.371,20.0,19.268,360.37,360.567,0.0,0.728
23/06/26 09:03:10,OXIDE_DEP_2406_A,Preheat,Recipe Running,0.0,-0.397,20.0,19.286,360.741,360.941,0.0,0.542
23/06/26 09:03:15,OXIDE_DEP_2406_A,Preheat,Recipe Running,0.0,-0.418,20.0,19.31,361.111,361.315,0.0,0.353
23/06/26 09:03:20,OXIDE_DEP_2406_A,Preheat,Recipe Running,0.0,-0.434,20.0,19.34,361.481,361.688,0.0,0.162
23/06/26 09:03:25,OXIDE_DEP_2406_A,Preheat,Recipe Running,0.0,-0.444,20.0,19.375,361.852,362.062,0.0,-0.031
23/06/26 09:03:30,OXIDE_DEP_2406_A,Preheat,Recipe Running,0.0,-0.45,20.0,19.415,362.222,362.436,0.0,-0.223
23/06/26 09:03:35,OXIDE_DEP_2406_A,Preheat,Recipe Running,0.0,-0.449,20.0,19.46,362.593,362.809,0.0,-0.413
23/06/26 09:03:40,OXIDE_DEP_2406_A,Preheat,Recipe Running,0.0,-0.443,20.0,19.51,362.963,363.183,0.0,-0.602
23/06/26 09:03:45,OXIDE_DEP_2406_A,Preheat,Recipe Running,0.0,-0.432,20.0,19.563,363.333,363.556,0.0,-0.786
23/06/26 09:03:50,OXIDE_DEP_2406_A,Preheat,Recipe Running,0.0,-0.415,20.0,19.62,363.704,363.929,0.0,-0.966
23/06/26 09:03:55,OXIDE_DEP_2406_A,Preheat,Recipe Running,0.0,-0.393,20.0,19.681,364.074,364.302,0.0,-1.141
23/06/26 09:04:00,OXIDE_DEP_2406_A,Preheat,Recipe Running,0.0,-0.366,20.0,19.744,364.444,364.675,0.0,-1.308
23/06/26 09:04:05,OXIDE_DEP_2406_A,Preheat,Recipe Running,0.0,-0.335,20.0,19.809,364.815,365.047,0.0,-1.468
23/06/26 09:04:10,OXIDE_DEP_2406_A,Preheat,Recipe Running,0.0,-0.299,20.0,19.875,365.185,365.42,0.0,-1.619
23/06/26 09:04:15,OXIDE_DEP_2406_A,Preheat,Recipe Running,0.0,-0.26,20.0,19.943,365.556,365.792,0.0,-1.761
23/06/26 09:04:20,OXIDE_DEP_2406_A,Preheat,Recipe Running,0.0,-0.218,20.0,20.011,365.926,366.165,0.0,-1.892
23/06/26 09:04:25,OXIDE_DEP_2406_A,Preheat,Recipe Running,0.0,-0.173,20.0,20.079,366.296,366.537,0.0,-2.012
23/06/26 09:04:30,OXIDE_DEP_2406_A,Preheat,Recipe Running,0.0,-0.126,20.0,20.147,366.667,366.909,0.0,-2.12
23/06/26 09:04:35,OXIDE_DEP_2406_A,Preheat,Recipe Running,0.0,-0.077,20.0,20.213,367.037,367.28,0.0,-2.216
23/06/26 09:04:40,OXIDE_DEP_2406_A,Preheat,Recipe Running,0.0,-0.027,20.0,20.277,367.407,367.652,0.0,-2.298
23/06/26 09:04:45,OXIDE_DEP_2406_A,Preheat,Recipe Running,0.0,0.023,20.0,20.339,367.778,368.024,0.0,-2.367
23/06/26 09:04:50,OXIDE_DEP_2406_A,Preheat,Recipe Running,0.0,0.072,20.0,20.399,368.148,368.395,0.0,-2.422
23/06/26 09:04:55,OXIDE_DEP_2406_A,Preheat,Recipe Running,0.0,0.121,20.0,20.455,368.519,368.766,0.0,-2.462
23/06/26 09:05:00,OXIDE_DEP_2406_A,Preheat,Recipe Running,0.0,0.168,20.0,20.507,368.889,369.137,0.0,-2.488
23/06/26 09:05:05,OXIDE_DEP_2406_A,Preheat,Recipe Running,0.0,0.214,20.0,20.555,369.259,369.508,0.0,-2.499
23/06/26 09:05:10,OXIDE_DEP_2406_A,Preheat,Recipe Running,0.0,0.256,20.0,20.599,369.63,369.879,0.0,-2.496
23/06/26 09:05:15,OXIDE_DEP_2406_A,Preheat,Recipe Running,0.0,0.296,20.0,20.637,370.0,370.25,0.0,-2.478
23/06/26 09:05:20,OXIDE_DEP_2406_A,Preheat,Recipe Running,0.0,0.331,20.0,20.67,370.37,370.62,0.0,-2.445
23/06/26 09:05:25,OXIDE_DEP_2406_A,Preheat,Recipe Running,0.0,0.363,20.0,20.698,370.741,370.991,0.0,-2.397
23/06/26 09:05:30,OXIDE_DEP_2406_A,Preheat,Recipe Running,0.0,0.39,20.0,20.72,371.111,371.361,0.0,-2.336
23/06/26 09:05:35,OXIDE_DEP_2406_A,Preheat,Recipe Running,0.0,0.413,20.0,20.736,371.481,371.731,0.0,-2.26
23/06/26 09:05:40,OXIDE_DEP_2406_A,Preheat,Recipe Running,0.0,0.43,20.0,20.746,371.852,372.101,0.0,-2.172
23/06/26 09:05:45,OXIDE_DEP_2406_A,Preheat,Recipe Running,0.0,0.442,20.0,20.75,372.222,372.471,0.0,-2.07
23/06/26 09:05:50,OXIDE_DEP_2406_A,Preheat,Recipe Running,0.0,0.449,20.0,20.748,372.593,372.84,0.0,-1.956
23/06/26 09:05:55,OXIDE_DEP_2406_A,Preheat,Recipe Running,0.0,0.45,20.0,20.739,372.963,373.21,0.0,-1.831
23/06/26 09:06:00,OXIDE_DEP_2406_A,Preheat,Recipe Running,0.0,0.445,20.0,20.724,373.333,373.579,0.0,-1.694
23/06/26 09:06:05,OXIDE_DEP_2406_A,Preheat,Recipe Running,0.0,0.435,20.0,20.704,373.704,373.948,0.0,-1.548
23/06/26 09:06:10,OXIDE_DEP_2406_A,Preheat,Recipe Running,0.0,0.42,20.0,20.677,374.074,374.317,0.0,-1.393
23/06/26 09:06:15,OXIDE_DEP_2406_A,Preheat,Recipe Running,0.0,0.399,20.0,20.645,374.444,374.686,0.0,-1.229
23/06/26 09:06:20,OXIDE_DEP_2406_A,Preheat,Recipe Running,0.0,0.374,20.0,20.608,374.815,375.055,0.0,-1.058
23/06/26 09:06:25,OXIDE_DEP_2406_A,Preheat,Recipe Running,0.0,0.344,20.0,20.565,375.185,375.423,0.0,-0.881
23/06/26 09:06:30,OXIDE_DEP_2406_A,Preheat,Recipe Running,0.0,0.309,20.0,20.518,375.556,375.792,0.0,-0.699
23/06/26 09:06:35,OXIDE_DEP_2406_A,Preheat,Recipe Running,0.0,0.271,20.0,20.467,375.926,376.16,0.0,-0.512
23/06/26 09:06:40,OXIDE_DEP_2406_A,Preheat,Recipe Running,0.0,0.23,20.0,20.412,376.296,376.528,0.0,-0.322
23/06/26 09:06:45,OXIDE_DEP_2406_A,Preheat,Recipe Running,0.0,0.185,20.0,20.353,376.667,376.896,0.0,-0.131
23/06/26 09:06:50,OXIDE_DEP_2406_A,Preheat,Recipe Running,0.0,0.139,20.0,20.292,377.037,377.264,0.0,0.061
23/06/26 09:06:55,OXIDE_DEP_2406_A,Preheat,Recipe Running,0.0,0.091,20.0,20.228,377.407,377.632,0.0,0.253
23/06/26 09:07:00,OXIDE_DEP_2406_A,Preheat,Recipe Running,0.0,0.041,20.0,20.162,377.778,378.0,0.0,0.444
23/06/26 09:07:05,OXIDE_DEP_2406_A,Preheat,Recipe Running,0.0,-0.009,20.0,20.095,378.148,378.367,0.0,0.631
23/06/26 09:07:10,OXIDE_DEP_2406_A,Preheat,Recipe Running,0.0,-0.059,20.0,20.027,378.519,378.735,0.0,0.815
23/06/26 09:07:15,OXIDE_DEP_2406_A,Preheat,Recipe Running,0.0,-0.108,20.0,19.959,378.889,379.102,0.0,0.995
23/06/26 09:07:20,OXIDE_DEP_2406_A,Preheat,Recipe Running,0.0,-0.156,20.0,19.891,379.259,379.469,0.0,1.168
23/06/26 09:07:25,OXIDE_DEP_2406_A,Preheat,Recipe Running,0.0,-0.201,20.0,19.824,379.63,379.836,0.0,1.334
23/06/26 09:07:30,OXIDE_DEP_2406_A,Preheat,Recipe Running,0.0,-0.245,20.0,19.759,380.0,380.203,0.0,1.493
23/06/26 09:07:35,OXIDE_DEP_2406_A,Preheat,Recipe Running,0.0,-0.285,20.0,19.695,380.37,380.57,0.0,1.642
23/06/26 09:07:40,OXIDE_DEP_2406_A,Preheat,Recipe Running,0.0,-0.322,20.0,19.634,380.741,380.936,0.0,1.782
23/06/26 09:07:45,OXIDE_DEP_2406_A,Preheat,Recipe Running,0.0,-0.355,20.0,19.576,381.111,381.303,0.0,1.912
23/06/26 09:07:50,OXIDE_DEP_2406_A,Preheat,Recipe Running,0.0,-0.383,20.0,19.522,381.481,381.669,0.0,2.03
23/06/26 09:07:55,OXIDE_DEP_2406_A,Preheat,Recipe Running,0.0,-0.407,20.0,19.471,381.852,382.035,0.0,2.136
23/06/26 09:08:00,OXIDE_DEP_2406_A,Preheat,Recipe Running,0.0,-0.426,20.0,19.425,382.222,382.402,0.0,2.23
23/06/26 09:08:05,OXIDE_DEP_2406_A,Preheat,Recipe Running,0.0,-0.439,20.0,19.384,382.593,382.768,0.0,2.31
23/06/26 09:08:10,OXIDE_DEP_2406_A,Preheat,Recipe Running,0.0,-0.447,20.0,19.348,382.963,383.134,0.0,2.377
23/06/26 09:08:15,OXIDE_DEP_2406_A,Preheat,Recipe Running,0.0,-0.45,20.0,19.317,383.333,383.499,0.0,2.429
23/06/26 09:08:20,OXIDE_DEP_2406_A,Preheat,Recipe Running,0.0,-0.447,20.0,19.291,383.704,383.865,0.0,2.467
23/06/26 09:08:25,OXIDE_DEP_2406_A,Preheat,Recipe Running,0.0,-0.438,20.0,19.272,384.074,384.231,0.0,2.491
23/06/26 09:08:30,OXIDE_DEP_2406_A,Preheat,Recipe Running,0.0,-0.425,20.0,19.259,384.444,384.596,0.0,2.5
23/06/26 09:08:35,OXIDE_DEP_2406_A,Preheat,Recipe Running,0.0,-0.405,20.0,19.251,384.815,384.962,0.0,2.494
23/06/26 09:08:40,OXIDE_DEP_2406_A,Preheat,Recipe Running,0.0,-0.381,20.0,19.25,385.185,385.327,0.0,2.473
23/06/26 09:08:45,OXIDE_DEP_2406_A,Preheat,Recipe Running,0.0,-0.352,20.0,19.255,385.556,385.693,0.0,2.438
23/06/26 09:08:50,OXIDE_DEP_2406_A,Preheat,Recipe Running,0.0,-0.319,20.0,19.267,385.926,386.058,0.0,2.388
23/06/26 09:08:55,OXIDE_DEP_2406_A,Preheat,Recipe Running,0.0,-0.282,20.0,19.284,386.296,386.423,0.0,2.325
23/06/26 09:09:00,OXIDE_DEP_2406_A,Preheat,Recipe Running,0.0,-0.241,20.0,19.307,386.667,386.788,0.0,2.247
23/06/26 09:09:05,OXIDE_DEP_2406_A,Preheat,Recipe Running,0.0,-0.198,20.0,19.336,387.037,387.153,0.0,2.156
23/06/26 09:09:10,OXIDE_DEP_2406_A,Preheat,Recipe Running,0.0,-0.152,20.0,19.371,387.407,387.518,0.0,2.053
23/06/26 09:09:15,OXIDE_DEP_2406_A,Preheat,Recipe Running,0.0,-0.104,20.0,19.41,387.778,387.883,0.0,1.937
23/06/26 09:09:20,OXIDE_DEP_2406_A,Preheat,Recipe Running,0.0,-0.055,20.0,19.455,388.148,388.248,0.0,1.81
23/06/26 09:09:25,OXIDE_DEP_2406_A,Preheat,Recipe Running,0.0,-0.005,20.0,19.504,388.519,388.613,0.0,1.672
23/06/26 09:09:30,OXIDE_DEP_2406_A,Preheat,Recipe Running,0.0,0.045,20.0,19.557,388.889,388.977,0.0,1.524
23/06/26 09:09:35,OXIDE_DEP_2406_A,Preheat,Recipe Running,0.0,0.094,20.0,19.614,389.259,389.342,0.0,1.367
23/06/26 09:09:40,OXIDE_DEP_2406_A,Preheat,Recipe Running,0.0,0.143,20.0,19.674,389.63,389.706,0.0,1.202
23/06/26 09:09:45,OXIDE_DEP_2406_A,Preheat,Recipe Running,0.0,0.189,20.0,19.736,390.0,390.071,0.0,1.03
23/06/26 09:09:50,OXIDE_DEP_2406_A,Preheat,Recipe Running,0.0,0.233,20.0,19.801,390.37,390.435,0.0,0.852
23/06/26 09:09:55,OXIDE_DEP_2406_A,Preheat,Recipe Running,0.0,0.274,20.0,19.868,390.741,390.8,0.0,0.669
23/06/26 09:10:00,OXIDE_DEP_2406_A,Preheat,Recipe Running,0.0,0.312,20.0,19.935,391.111,391.164,0.0,0.482
23/06/26 09:10:05,OXIDE_DEP_2406_A,Preheat,Recipe Running,0.0,0.346,20.0,20.003,391.481,391.529,0.0,0.292
23/06/26 09:10:10,OXIDE_DEP_2406_A,Preheat,Recipe Running,0.0,0.376,20.0,20.071,391.852,391.893,0.0,0.1
23/06/26 09:10:15,OXIDE_DEP_2406_A,Preheat,Recipe Running,0.0,0.401,20.0,20.139,392.222,392.258,0.0,-0.092
23/06/26 09:10:20,OXIDE_DEP_2406_A,Preheat,Recipe Running,0.0,0.421,20.0,20.205,392.593,392.622,0.0,-0.284
23/06/26 09:10:25,OXIDE_DEP_2406_A,Preheat,Recipe Running,0.0,0.436,20.0,20.27,392.963,392.986,0.0,-0.474
23/06/26 09:10:30,OXIDE_DEP_2406_A,Preheat,Recipe Running,0.0,0.446,20.0,20.332,393.333,393.35,0.0,-0.661
23/06/26 09:10:35,OXIDE_DEP_2406_A,Preheat,Recipe Running,0.0,0.45,20.0,20.392,393.704,393.715,0.0,-0.844
23/06/26 09:10:40,OXIDE_DEP_2406_A,Preheat,Recipe Running,0.0,0.448,20.0,20.448,394.074,394.079,0.0,-1.023
23/06/26 09:10:45,OXIDE_DEP_2406_A,Preheat,Recipe Running,0.0,0.441,20.0,20.501,394.444,394.443,0.0,-1.195
23/06/26 09:10:50,OXIDE_DEP_2406_A,Preheat,Recipe Running,0.0,0.429,20.0,20.55,394.815,394.808,0.0,-1.36
23/06/26 09:10:55,OXIDE_DEP_2406_A,Preheat,Recipe Running,0.0,0.411,20.0,20.594,395.185,395.172,0.0,-1.517
23/06/26 09:11:00,OXIDE_DEP_2406_A,Preheat,Recipe Running,0.0,0.388,20.0,20.633,395.556,395.536,0.0,-1.665
23/06/26 09:11:05,OXIDE_DEP_2406_A,Preheat,Recipe Running,0.0,0.361,20.0,20.667,395.926,395.9,0.0,-1.804
23/06/26 09:11:10,OXIDE_DEP_2406_A,Preheat,Recipe Running,0.0,0.329,20.0,20.695,396.296,396.265,0.0,-1.931
23/06/26 09:11:15,OXIDE_DEP_2406_A,Preheat,Recipe Running,0.0,0.293,20.0,20.718,396.667,396.629,0.0,-2.048
23/06/26 09:11:20,OXIDE_DEP_2406_A,Preheat,Recipe Running,0.0,0.253,20.0,20.735,397.037,396.993,0.0,-2.152
23/06/26 09:11:25,OXIDE_DEP_2406_A,Preheat,Recipe Running,0.0,0.21,20.0,20.745,397.407,397.358,0.0,-2.243
23/06/26 09:11:30,OXIDE_DEP_2406_A,Preheat,Recipe Running,0.0,0.165,20.0,20.75,397.778,397.722,0.0,-2.321
23/06/26 09:11:35,OXIDE_DEP_2406_A,Preheat,Recipe Running,0.0,0.117,20.0,20.748,398.148,398.087,0.0,-2.386
23/06/26 09:11:40,OXIDE_DEP_2406_A,Preheat,Recipe Running,0.0,0.068,20.0,20.74,398.519,398.451,0.0,-2.436
23/06/26 09:11:45,OXIDE_DEP_2406_A,Preheat,Recipe Running,0.0,0.019,20.0,20.726,398.889,398.816,0.0,-2.472
23/06/26 09:11:50,OXIDE_DEP_2406_A,Preheat,Recipe Running,0.0,-0.031,20.0,20.706,399.259,399.18,0.0,-2.493
23/06/26 09:11:55,OXIDE_DEP_2406_A,Preheat,Recipe Running,0.0,-0.081,20.0,20.681,399.63,399.545,0.0,-2.5
23/06/26 09:12:00,OXIDE_DEP_2406_A,Stabilize,Recipe Running,40.0,39.87,120.0,120.649,400.0,399.909,250.0,247.508
23/06/26 09:12:05,OXIDE_DEP_2406_A,Stabilize,Recipe Running,40.0,39.823,120.0,120.612,400.0,399.904,250.0,247.531
23/06/26 09:12:10,OXIDE_DEP_2406_A,Stabilize,Recipe Running,40.0,39.779,120.0,120.571,400.0,399.898,250.0,247.569
23/06/26 09:12:15,OXIDE_DEP_2406_A,Stabilize,Recipe Running,40.0,39.737,120.0,120.524,400.0,399.893,250.0,247.621
23/06/26 09:12:20,OXIDE_DEP_2406_A,Stabilize,Recipe Running,40.0,39.698,120.0,120.473,400.0,399.887,250.0,247.687
23/06/26 09:12:25,OXIDE_DEP_2406_A,Stabilize,Recipe Running,40.0,39.663,120.0,120.418,400.0,399.882,250.0,247.767
23/06/26 09:12:30,OXIDE_DEP_2406_A,Stabilize,Recipe Running,40.0,39.632,120.0,120.36,400.0,399.876,250.0,247.859
23/06/26 09:12:35,OXIDE_DEP_2406_A,Stabilize,Recipe Running,40.0,39.605,120.0,120.299,400.0,399.871,250.0,247.965
23/06/26 09:12:40,OXIDE_DEP_2406_A,Stabilize,Recipe Running,40.0,39.584,120.0,120.235,400.0,399.866,250.0,248.083
23/06/26 09:12:45,OXIDE_DEP_2406_A,Stabilize,Recipe Running,40.0,39.567,120.0,120.17,400.0,399.861,250.0,248.212
23/06/26 09:12:50,OXIDE_DEP_2406_A,Stabilize,Recipe Running,40.0,39.556,120.0,120.103,400.0,399.856,250.0,248.351
23/06/26 09:12:55,OXIDE_DEP_2406_A,Stabilize,Recipe Running,40.0,39.551,120.0,120.035,400.0,399.851,250.0,248.5
23/06/26 09:13:00,OXIDE_DEP_2406_A,Stabilize,Recipe Running,40.0,39.551,120.0,119.967,400.0,399.846,250.0,248.659
23/06/26 09:13:05,OXIDE_DEP_2406_A,Stabilize,Recipe Running,40.0,39.556,120.0,119.899,400.0,399.841,250.0,248.825
23/06/26 09:13:10,OXIDE_DEP_2406_A,Stabilize,Recipe Running,40.0,39.567,120.0,119.832,400.0,399.837,250.0,248.998
23/06/26 09:13:15,OXIDE_DEP_2406_A,Stabilize,Recipe Running,40.0,39.583,120.0,119.766,400.0,399.832,250.0,249.177
23/06/26 09:13:20,OXIDE_DEP_2406_A,Stabilize,Recipe Running,40.0,39.605,120.0,119.702,400.0,399.828,250.0,249.36
23/06/26 09:13:25,OXIDE_DEP_2406_A,Stabilize,Recipe Running,40.0,39.631,120.0,119.641,400.0,399.823,250.0,249.548
23/06/26 09:13:30,OXIDE_DEP_2406_A,Stabilize,Recipe Running,40.0,39.662,120.0,119.583,400.0,399.819,250.0,249.738
23/06/26 09:13:35,OXIDE_DEP_2406_A,Stabilize,Recipe Running,40.0,39.697,120.0,119.528,400.0,399.815,250.0,249.93
23/06/26 09:13:40,OXIDE_DEP_2406_A,Stabilize,Recipe Running,40.0,39.736,120.0,119.477,400.0,399.811,250.0,250.122
23/06/26 09:13:45,OXIDE_DEP_2406_A,Stabilize,Recipe Running,40.0,39.778,120.0,119.43,400.0,399.807,250.0,250.314
23/06/26 09:13:50,OXIDE_DEP_2406_A,Stabilize,Recipe Running,40.0,39.823,120.0,119.388,400.0,399.803,250.0,250.504
23/06/26 09:13:55,OXIDE_DEP_2406_A,Stabilize,Recipe Running,40.0,39.87,120.0,119.351,400.0,399.799,250.0,250.69
23/06/26 09:14:00,OXIDE_DEP_2406_A,Stabilize,Recipe Running,40.0,39.918,120.0,119.32,400.0,399.796,250.0,250.873
23/06/26 09:14:05,OXIDE_DEP_2406_A,Stabilize,Recipe Running,40.0,39.968,120.0,119.294,400.0,399.792,250.0,251.05
23/06/26 09:14:10,OXIDE_DEP_2406_A,Stabilize,Recipe Running,40.0,40.018,120.0,119.274,400.0,399.789,250.0,251.222
23/06/26 09:14:15,OXIDE_DEP_2406_A,Stabilize,Recipe Running,40.0,40.067,120.0,119.26,400.0,399.786,250.0,251.386
23/06/26 09:14:20,OXIDE_DEP_2406_A,Stabilize,Recipe Running,40.0,40.116,120.0,119.252,400.0,399.783,250.0,251.541
23/06/26 09:14:25,OXIDE_DEP_2406_A,Stabilize,Recipe Running,40.0,40.164,120.0,119.25,400.0,399.78,250.0,251.688
23/06/26 09:14:30,OXIDE_DEP_2406_A,Stabilize,Recipe Running,40.0,40.209,120.0,119.255,400.0,399.777,250.0,251.825
23/06/26 09:14:35,OXIDE_DEP_2406_A,Stabilize,Recipe Running,40.0,40.252,120.0,119.265,400.0,399.774,250.0,251.951
23/06/26 09:14:40,OXIDE_DEP_2406_A,Stabilize,Recipe Running,40.0,40.292,120.0,119.282,400.0,399.772,250.0,252.065
23/06/26 09:14:45,OXIDE_DEP_2406_A,Stabilize,Recipe Running,40.0,40.328,120.0,119.304,400.0,399.769,250.0,252.167
23/06/26 09:14:50,OXIDE_DEP_2406_A,Stabilize,Recipe Running,40.0,40.36,120.0,119.333,400.0,399.767,250.0,252.257
23/06/26 09:14:55,OXIDE_DEP_2406_A,Stabilize,Recipe Running,40.0,40.388,120.0,119.366,400.0,399.765,250.0,252.333
23/06/26 09:15:00,OXIDE_DEP_2406_A,Stabilize,Recipe Running,40.0,40.411,120.0,119.406,400.0,399.763,250.0,252.395
23/06/26 09:15:05,OXIDE_DEP_2406_A,Stabilize,Recipe Running,40.0,40.429,120.0,119.449,400.0,399.761,250.0,252.443
23/06/26 09:15:10,OXIDE_DEP_2406_A,Stabilize,Recipe Running,40.0,40.441,120.0,119.498,400.0,399.759,250.0,252.477
23/06/26 09:15:15,OXIDE_DEP_2406_A,Stabilize,Recipe Running,40.0,40.448,120.0,119.551,400.0,399.758,250.0,252.495
23/06/26 09:15:20,OXIDE_DEP_2406_A,Stabilize,Recipe Running,40.0,40.45,120.0,119.607,400.0,399.756,250.0,252.5
23/06/26 09:15:25,OXIDE_DEP_2406_A,Stabilize,Recipe Running,40.0,40.446,120.0,119.667,400.0,399.755,250.0,252.489
23/06/26 09:15:30,OXIDE_DEP_2406_A,Stabilize,Recipe Running,40.0,40.436,120.0,119.729,400.0,399.754,250.0,252.464
23/06/26 09:15:35,OXIDE_DEP_2406_A,Stabilize,Recipe Running,40.0,40.422,120.0,119.794,400.0,399.753,250.0,252.424
23/06/26 09:15:40,OXIDE_DEP_2406_A,Stabilize,Recipe Running,40.0,40.402,120.0,119.86,400.0,399.752,250.0,252.37
23/06/26 09:15:45,OXIDE_DEP_2406_A,Stabilize,Recipe Running,40.0,40.376,120.0,119.927,400.0,399.751,250.0,252.301
23/06/26 09:15:50,OXIDE_DEP_2406_A,Stabilize,Recipe Running,40.0,40.347,120.0,119.995,400.0,399.751,250.0,252.22
23/06/26 09:15:55,OXIDE_DEP_2406_A,Stabilize,Recipe Running,40.0,40.313,120.0,120.064,400.0,399.75,250.0,252.125
23/06/26 09:16:00,OXIDE_DEP_2406_A,Deposition,Recipe Running,125.0,125.275,280.0,280.131,405.0,404.75,920.0,922.017
23/06/26 09:16:05,OXIDE_DEP_2406_A,Deposition,Recipe Running,125.0,125.234,280.0,280.198,405.0,404.75,920.0,921.898
23/06/26 09:16:10,OXIDE_DEP_2406_A,Deposition,Recipe Running,125.0,125.19,280.0,280.263,405.0,404.75,920.0,921.767
23/06/26 09:16:15,OXIDE_DEP_2406_A,Deposition,Recipe Running,125.0,125.143,280.0,280.325,405.0,404.75,920.0,921.626
23/06/26 09:16:20,OXIDE_DEP_2406_A,Deposition,Recipe Running,125.0,125.095,280.0,280.385,405.0,404.751,920.0,921.475
23/06/26 09:16:25,OXIDE_DEP_2406_A,Deposition,Recipe Running,125.0,125.046,280.0,280.442,405.0,404.751,920.0,921.315
23/06/26 09:16:30,OXIDE_DEP_2406_A,Deposition,Recipe Running,125.0,124.996,280.0,280.495,405.0,404.752,920.0,921.148
23/06/26 09:16:35,OXIDE_DEP_2406_A,Deposition,Recipe Running,125.0,124.946,280.0,280.544,405.0,404.752,920.0,920.974
23/06/26 09:16:40,OXIDE_DEP_2406_A,Deposition,Recipe Running,125.0,124.897,280.0,280.589,405.0,404.753,920.0,920.794
23/06/26 09:16:45,OXIDE_DEP_2406_A,Deposition,Recipe Running,125.0,124.849,280.0,280.629,405.0,404.755,920.0,920.61
23/06/26 09:16:50,OXIDE_DEP_2406_A,Deposition,Recipe Running,125.0,124.803,280.0,280.663,405.0,404.756,920.0,920.422
23/06/26 09:16:55,OXIDE_DEP_2406_A,Deposition,Recipe Running,125.0,124.759,280.0,280.692,405.0,404.757,920.0,920.231
23/06/26 09:17:00,OXIDE_DEP_2406_A,Deposition,Recipe Running,125.0,124.719,280.0,280.716,405.0,404.759,920.0,920.039
23/06/26 09:17:05,OXIDE_DEP_2406_A,Deposition,Recipe Running,125.0,124.681,280.0,280.733,405.0,404.76,920.0,919.847
23/06/26 09:17:10,OXIDE_DEP_2406_A,Deposition,Recipe Running,125.0,124.648,280.0,280.744,405.0,404.762,920.0,919.656
23/06/26 09:17:15,OXIDE_DEP_2406_A,Deposition,Recipe Running,125.0,124.619,280.0,280.75,405.0,404.764,920.0,919.466
23/06/26 09:17:20,OXIDE_DEP_2406_A,Deposition,Recipe Running,125.0,124.595,280.0,280.749,405.0,404.766,920.0,919.28
23/06/26 09:17:25,OXIDE_DEP_2406_A,Deposition,Recipe Running,125.0,124.576,280.0,280.742,405.0,404.768,920.0,919.098
23/06/26 09:17:30,OXIDE_DEP_2406_A,Deposition,Recipe Running,125.0,124.562,280.0,280.728,405.0,404.771,920.0,918.922
23/06/26 09:17:35,OXIDE_DEP_2406_A,Deposition,Recipe Running,125.0,124.553,280.0,280.709,405.0,404.773,920.0,918.752
23/06/26 09:17:40,OXIDE_DEP_2406_A,Deposition,Recipe Running,125.0,124.55,280.0,280.684,405.0,404.776,920.0,918.589
23/06/26 09:17:45,OXIDE_DEP_2406_A,Deposition,Recipe Running,125.0,124.552,280.0,280.653,405.0,404.779,920.0,918.435
23/06/26 09:17:50,OXIDE_DEP_2406_A,Deposition,Recipe Running,125.0,124.56,280.0,280.617,405.0,404.781,920.0,918.289
23/06/26 09:17:55,OXIDE_DEP_2406_A,Deposition,Recipe Running,125.0,124.574,280.0,280.576,405.0,404.784,920.0,918.154
23/06/26 09:18:00,OXIDE_DEP_2406_A,Deposition,Recipe Running,125.0,124.592,280.0,280.53,405.0,404.788,920.0,918.03
23/06/26 09:18:05,OXIDE_DEP_2406_A,Deposition,Recipe Running,125.0,124.616,280.0,280.479,405.0,404.791,920.0,917.918
23/06/26 09:18:10,OXIDE_DEP_2406_A,Deposition,Recipe Running,125.0,124.645,280.0,280.425,405.0,404.794,920.0,917.818
23/06/26 09:18:15,OXIDE_DEP_2406_A,Deposition,Recipe Running,125.0,124.677,280.0,280.367,405.0,404.798,920.0,917.73
23/06/26 09:18:20,OXIDE_DEP_2406_A,Deposition,Recipe Running,125.0,124.714,280.0,280.306,405.0,404.802,920.0,917.656
23/06/26 09:18:25,OXIDE_DEP_2406_A,Deposition,Recipe Running,125.0,124.754,280.0,280.243,405.0,404.805,920.0,917.597
23/06/26 09:18:30,OXIDE_DEP_2406_A,Deposition,Recipe Running,125.0,124.798,280.0,280.177,405.0,404.809,920.0,917.551
23/06/26 09:18:35,OXIDE_DEP_2406_A,Deposition,Recipe Running,125.0,124.844,280.0,280.11,405.0,404.813,920.0,917.519
23/06/26 09:18:40,OXIDE_DEP_2406_A,Deposition,Recipe Running,125.0,124.891,280.0,280.043,405.0,404.817,920.0,917.503
23/06/26 09:18:45,OXIDE_DEP_2406_A,Deposition,Recipe Running,125.0,124.94,280.0,279.974,405.0,404.821,920.0,917.501
23/06/26 09:18:50,OXIDE_DEP_2406_A,Deposition,Recipe Running,125.0,124.99,280.0,279.906,405.0,404.826,920.0,917.514
23/06/26 09:18:55,OXIDE_DEP_2406_A,Deposition,Recipe Running,125.0,125.04,280.0,279.839,405.0,404.83,920.0,917.542
23/06/26 09:19:00,OXIDE_DEP_2406_A,Deposition,Recipe Running,125.0,125.09,280.0,279.773,405.0,404.835,920.0,917.584
23/06/26 09:19:05,OXIDE_DEP_2406_A,Deposition,Recipe Running,125.0,125.138,280.0,279.709,405.0,404.839,920.0,917.64
23/06/26 09:19:10,OXIDE_DEP_2406_A,Deposition,Recipe Running,125.0,125.185,280.0,279.648,405.0,404.844,920.0,917.711
23/06/26 09:19:15,OXIDE_DEP_2406_A,Deposition,Recipe Running,125.0,125.229,280.0,279.589,405.0,404.849,920.0,917.795
23/06/26 09:19:20,OXIDE_DEP_2406_A,Deposition,Recipe Running,125.0,125.271,280.0,279.534,405.0,404.854,920.0,917.892
23/06/26 09:19:25,OXIDE_DEP_2406_A,Deposition,Recipe Running,125.0,125.309,280.0,279.483,405.0,404.859,920.0,918.001
23/06/26 09:19:30,OXIDE_DEP_2406_A,Deposition,Recipe Running,125.0,125.343,280.0,279.435,405.0,404.864,920.0,918.123
23/06/26 09:19:35,OXIDE_DEP_2406_A,Deposition,Recipe Running,125.0,125.373,280.0,279.393,405.0,404.869,920.0,918.255
23/06/26 09:19:40,OXIDE_DEP_2406_A,Deposition,Recipe Running,125.0,125.399,280.0,279.355,405.0,404.874,920.0,918.398
23/06/26 09:19:45,OXIDE_DEP_2406_A,Deposition,Recipe Running,125.0,125.42,280.0,279.323,405.0,404.88,920.0,918.55
23/06/26 09:19:50,OXIDE_DEP_2406_A,Deposition,Recipe Running,125.0,125.435,280.0,279.297,405.0,404.885,920.0,918.711
23/06/26 09:19:55,OXIDE_DEP_2406_A,Deposition,Recipe Running,125.0,125.445,280.0,279.276,405.0,404.89,920.0,918.879
23/06/26 09:20:00,OXIDE_DEP_2406_A,Deposition,Recipe Running,125.0,125.45,280.0,279.261,405.0,404.896,920.0,919.054
23/06/26 09:20:05,OXIDE_DEP_2406_A,Deposition,Recipe Running,125.0,125.449,280.0,279.253,405.0,404.901,920.0,919.235
23/06/26 09:20:10,OXIDE_DEP_2406_A,Deposition,Recipe Running,125.0,125.442,280.0,279.25,405.0,404.907,920.0,919.42
23/06/26 09:20:15,OXIDE_DEP_2406_A,Deposition,Recipe Running,125.0,125.43,280.0,279.254,405.0,404.913,920.0,919.608
23/06/26 09:20:20,OXIDE_DEP_2406_A,Deposition,Recipe Running,125.0,125.413,280.0,279.264,405.0,404.919,920.0,919.799
23/06/26 09:20:25,OXIDE_DEP_2406_A,Deposition,Recipe Running,125.0,125.391,280.0,279.28,405.0,404.924,920.0,919.991
23/06/26 09:20:30,OXIDE_DEP_2406_A,Deposition,Recipe Running,125.0,125.364,280.0,279.301,405.0,404.93,920.0,920.184
23/06/26 09:20:35,OXIDE_DEP_2406_A,Deposition,Recipe Running,125.0,125.332,280.0,279.329,405.0,404.936,920.0,920.375
23/06/26 09:20:40,OXIDE_DEP_2406_A,Deposition,Recipe Running,125.0,125.296,280.0,279.362,405.0,404.942,920.0,920.564
23/06/26 09:20:45,OXIDE_DEP_2406_A,Deposition,Recipe Running,125.0,125.257,280.0,279.401,405.0,404.948,920.0,920.749
23/06/26 09:20:50,OXIDE_DEP_2406_A,Deposition,Recipe Running,125.0,125.214,280.0,279.444,405.0,404.954,920.0,920.93
23/06/26 09:20:55,OXIDE_DEP_2406_A,Deposition,Recipe Running,125.0,125.169,280.0,279.492,405.0,404.96,920.0,921.106
23/06/26 09:21:00,OXIDE_DEP_2406_A,Deposition,Recipe Running,125.0,125.122,280.0,279.544,405.0,404.966,920.0,921.275
23/06/26 09:21:05,OXIDE_DEP_2406_A,Deposition,Recipe Running,125.0,125.073,280.0,279.6,405.0,404.972,920.0,921.436
23/06/26 09:21:10,OXIDE_DEP_2406_A,Deposition,Recipe Running,125.0,125.023,280.0,279.66,405.0,404.978,920.0,921.589
23/06/26 09:21:15,OXIDE_DEP_2406_A,Deposition,Recipe Running,125.0,124.973,280.0,279.722,405.0,404.984,920.0,921.733
23/06/26 09:21:20,OXIDE_DEP_2406_A,Deposition,Recipe Running,125.0,124.924,280.0,279.786,405.0,404.99,920.0,921.866
23/06/26 09:21:25,OXIDE_DEP_2406_A,Deposition,Recipe Running,125.0,124.875,280.0,279.852,405.0,404.996,920.0,921.989
23/06/26 09:21:30,OXIDE_DEP_2406_A,Deposition,Recipe Running,125.0,124.828,280.0,279.92,405.0,405.002,920.0,922.099
23/06/26 09:21:35,OXIDE_DEP_2406_A,Deposition,Recipe Running,125.0,124.783,280.0,279.988,405.0,405.008,920.0,922.197
23/06/26 09:21:40,OXIDE_DEP_2406_A,Deposition,Recipe Running,125.0,124.741,280.0,280.056,405.0,405.015,920.0,922.282
23/06/26 09:21:45,OXIDE_DEP_2406_A,Deposition,Recipe Running,125.0,124.701,280.0,280.123,405.0,405.021,920.0,922.354
23/06/26 09:21:50,OXIDE_DEP_2406_A,Deposition,Recipe Running,125.0,124.666,280.0,280.19,405.0,405.027,920.0,922.412
23/06/26 09:21:55,OXIDE_DEP_2406_A,Deposition,Recipe Running,125.0,124.635,280.0,280.255,405.0,405.033,920.0,922.455
23/06/26 09:22:00,OXIDE_DEP_2406_A,Deposition,Recipe Running,125.0,124.608,280.0,280.318,405.0,405.039,920.0,922.484
23/06/26 09:22:05,OXIDE_DEP_2406_A,Deposition,Recipe Running,125.0,124.586,280.0,280.378,405.0,405.045,920.0,922.498
23/06/26 09:22:10,OXIDE_DEP_2406_A,Deposition,Recipe Running,125.0,124.569,280.0,280.436,405.0,405.051,920.0,922.498
23/06/26 09:22:15,OXIDE_DEP_2406_A,Deposition,Recipe Running,125.0,124.557,280.0,280.489,405.0,405.057,920.0,922.483
23/06/26 09:22:20,OXIDE_DEP_2406_A,Deposition,Recipe Running,125.0,124.551,280.0,280.539,405.0,405.063,920.0,922.453
23/06/26 09:22:25,OXIDE_DEP_2406_A,Deposition,Recipe Running,125.0,124.55,280.0,280.584,405.0,405.069,920.0,922.408
23/06/26 09:22:30,OXIDE_DEP_2406_A,Deposition,Recipe Running,125.0,124.555,280.0,280.624,405.0,405.074,920.0,922.349
23/06/26 09:22:35,OXIDE_DEP_2406_A,Deposition,Recipe Running,125.0,124.566,280.0,280.659,405.0,405.08,920.0,922.277
23/06/26 09:22:40,OXIDE_DEP_2406_A,Deposition,Recipe Running,125.0,124.582,280.0,280.689,405.0,405.086,920.0,922.191
23/06/26 09:22:45,OXIDE_DEP_2406_A,Deposition,Recipe Running,125.0,124.603,280.0,280.713,405.0,405.092,920.0,922.092
23/06/26 09:22:50,OXIDE_DEP_2406_A,Deposition,Recipe Running,125.0,124.628,280.0,280.731,405.0,405.097,920.0,921.98
23/06/26 09:22:55,OXIDE_DEP_2406_A,Deposition,Recipe Running,125.0,124.659,280.0,280.743,405.0,405.103,920.0,921.857
23/06/26 09:23:00,OXIDE_DEP_2406_A,Deposition,Recipe Running,125.0,124.694,280.0,280.749,405.0,405.108,920.0,921.723
23/06/26 09:23:05,OXIDE_DEP_2406_A,Deposition,Recipe Running,125.0,124.732,280.0,280.749,405.0,405.114,920.0,921.579
23/06/26 09:23:10,OXIDE_DEP_2406_A,Deposition,Recipe Running,125.0,124.774,280.0,280.743,405.0,405.119,920.0,921.425
23/06/26 09:23:15,OXIDE_DEP_2406_A,Deposition,Recipe Running,125.0,124.818,280.0,280.73,405.0,405.125,920.0,921.263
23/06/26 09:23:20,OXIDE_DEP_2406_A,Deposition,Recipe Running,125.0,124.865,280.0,280.711,405.0,405.13,920.0,921.093
23/06/26 09:23:25,OXIDE_DEP_2406_A,Deposition,Recipe Running,125.0,124.913,280.0,280.687,405.0,405.135,920.0,920.917
23/06/26 09:23:30,OXIDE_DEP_2406_A,Deposition,Recipe Running,125.0,124.963,280.0,280.657,405.0,405.14,920.0,920.736
23/06/26 09:23:35,OXIDE_DEP_2406_A,Deposition,Recipe Running,125.0,125.013,280.0,280.621,405.0,405.145,920.0,920.55
23/06/26 09:23:40,OXIDE_DEP_2406_A,Deposition,Recipe Running,125.0,125.063,280.0,280.581,405.0,405.15,920.0,920.361
23/06/26 09:23:45,OXIDE_DEP_2406_A,Deposition,Recipe Running,125.0,125.112,280.0,280.535,405.0,405.155,920.0,920.17
23/06/26 09:23:50,OXIDE_DEP_2406_A,Deposition,Recipe Running,125.0,125.159,280.0,280.485,405.0,405.16,920.0,919.978
23/06/26 09:23:55,OXIDE_DEP_2406_A,Deposition,Recipe Running,125.0,125.205,280.0,280.431,405.0,405.164,920.0,919.786
23/06/26 09:24:00,OXIDE_DEP_2406_A,Deposition,Recipe Running,125.0,125.248,280.0,280.374,405.0,405.169,920.0,919.595
23/06/26 09:24:05,OXIDE_DEP_2406_A,Deposition,Recipe Running,125.0,125.288,280.0,280.313,405.0,405.173,920.0,919.407
23/06/26 09:24:10,OXIDE_DEP_2406_A,Deposition,Recipe Running,125.0,125.325,280.0,280.25,405.0,405.178,920.0,919.222
23/06/26 09:24:15,OXIDE_DEP_2406_A,Deposition,Recipe Running,125.0,125.357,280.0,280.185,405.0,405.182,920.0,919.042
23/06/26 09:24:20,OXIDE_DEP_2406_A,Deposition,Recipe Running,125.0,125.385,280.0,280.118,405.0,405.186,920.0,918.867
23/06/26 09:24:25,OXIDE_DEP_2406_A,Deposition,Recipe Running,125.0,125.409,280.0,280.05,405.0,405.19,920.0,918.699
23/06/26 09:24:30,OXIDE_DEP_2406_A,Deposition,Recipe Running,125.0,125.427,280.0,279.982,405.0,405.194,920.0,918.539
23/06/26 09:24:35,OXIDE_DEP_2406_A,Deposition,Recipe Running,125.0,125.44,280.0,279.914,405.0,405.198,920.0,918.387
23/06/26 09:24:40,OXIDE_DEP_2406_A,Deposition,Recipe Running,125.0,125.448,280.0,279.847,405.0,405.201,920.0,918.245
23/06/26 09:24:45,OXIDE_DEP_2406_A,Deposition,Recipe Running,125.0,125.45,280.0,279.781,405.0,405.205,920.0,918.114
23/06/26 09:24:50,OXIDE_DEP_2406_A,Deposition,Recipe Running,125.0,125.447,280.0,279.717,405.0,405.208,920.0,917.993
23/06/26 09:24:55,OXIDE_DEP_2406_A,Deposition,Recipe Running,125.0,125.438,280.0,279.655,405.0,405.212,920.0,917.884
23/06/26 09:25:00,OXIDE_DEP_2406_A,Deposition,Recipe Running,125.0,125.423,280.0,279.596,405.0,405.215,920.0,917.788
23/06/26 09:25:05,OXIDE_DEP_2406_A,Deposition,Recipe Running,125.0,125.404,280.0,279.54,405.0,405.218,920.0,917.705
23/06/26 09:25:10,OXIDE_DEP_2406_A,Deposition,Recipe Running,125.0,125.379,280.0,279.488,405.0,405.221,920.0,917.636
23/06/26 09:25:15,OXIDE_DEP_2406_A,Deposition,Recipe Running,125.0,125.35,280.0,279.441,405.0,405.224,920.0,917.58
23/06/26 09:25:20,OXIDE_DEP_2406_A,Deposition,Recipe Running,125.0,125.316,280.0,279.398,405.0,405.226,920.0,917.539
23/06/26 09:25:25,OXIDE_DEP_2406_A,Deposition,Recipe Running,125.0,125.279,280.0,279.359,405.0,405.229,920.0,917.513
23/06/26 09:25:30,OXIDE_DEP_2406_A,Deposition,Recipe Running,125.0,125.238,280.0,279.327,405.0,405.231,920.0,917.501
23/06/26 09:25:35,OXIDE_DEP_2406_A,Deposition,Recipe Running,125.0,125.194,280.0,279.299,405.0,405.233,920.0,917.504
23/06/26 09:25:40,OXIDE_DEP_2406_A,Deposition,Recipe Running,125.0,125.148,280.0,279.278,405.0,405.236,920.0,917.521
23/06/26 09:25:45,OXIDE_DEP_2406_A,Deposition,Recipe Running,125.0,125.1,280.0,279.263,405.0,405.238,920.0,917.554
23/06/26 09:25:50,OXIDE_DEP_2406_A,Deposition,Recipe Running,125.0,125.051,280.0,279.253,405.0,405.239,920.0,917.6
23/06/26 09:25:55,OXIDE_DEP_2406_A,Deposition,Recipe Running,125.0,125.001,280.0,279.25,405.0,405.241,920.0,917.661
23/06/26 09:26:00,OXIDE_DEP_2406_A,Deposition,Recipe Running,125.0,127.951,280.0,274.753,405.0,406.643,920.0,917.736
23/06/26 09:26:05,OXIDE_DEP_2406_A,Deposition,Recipe Running,125.0,127.985,280.0,274.684,405.0,406.667,920.0,917.824
23/06/26 09:26:10,OXIDE_DEP_2406_A,Deposition,Recipe Running,125.0,128.02,280.0,274.621,405.0,406.691,920.0,917.925
23/06/26 09:26:15,OXIDE_DEP_2406_A,Deposition,Recipe Running,125.0,128.057,280.0,274.564,405.0,406.715,920.0,918.039
23/06/26 09:26:20,OXIDE_DEP_2406_A,Deposition,Recipe Running,125.0,128.097,280.0,274.513,405.0,406.739,920.0,918.164
23/06/26 09:26:25,OXIDE_DEP_2406_A,Deposition,Recipe Running,125.0,128.139,280.0,274.468,405.0,406.763,920.0,918.299
23/06/26 09:26:30,OXIDE_DEP_2406_A,Deposition,Recipe Running,125.0,128.185,280.0,274.427,405.0,406.786,920.0,918.445
23/06/26 09:26:35,OXIDE_DEP_2406_A,Deposition,Recipe Running,125.0,128.235,280.0,274.392,405.0,406.81,920.0,918.6
23/06/26 09:26:40,OXIDE_DEP_2406_A,Deposition,Recipe Running,125.0,128.288,280.0,274.361,405.0,406.833,920.0,918.764
23/06/26 09:26:45,OXIDE_DEP_2406_A,Deposition,Recipe Running,125.0,128.347,280.0,274.335,405.0,406.856,920.0,918.934
23/06/26 09:26:50,OXIDE_DEP_2406_A,Deposition,Recipe Running,125.0,128.411,280.0,274.313,405.0,406.879,920.0,919.111
23/06/26 09:26:55,OXIDE_DEP_2406_A,Deposition,Recipe Running,125.0,128.48,280.0,274.293,405.0,406.902,920.0,919.293
23/06/26 09:27:00,OXIDE_DEP_2406_A,Deposition,Recipe Running,125.0,128.554,280.0,274.277,405.0,406.925,920.0,919.48
23/06/26 09:27:05,OXIDE_DEP_2406_A,Deposition,Recipe Running,125.0,128.633,280.0,274.263,405.0,406.947,920.0,919.669
23/06/26 09:27:10,OXIDE_DEP_2406_A,Deposition,Recipe Running,125.0,128.719,280.0,274.251,405.0,406.97,920.0,919.861
23/06/26 09:27:15,OXIDE_DEP_2406_A,Deposition,Recipe Running,125.0,128.809,280.0,274.24,405.0,406.992,920.0,920.053
23/06/26 09:27:20,OXIDE_DEP_2406_A,Deposition,Recipe Running,125.0,128.906,280.0,274.23,405.0,407.014,920.0,920.245
23/06/26 09:27:25,OXIDE_DEP_2406_A,Deposition,Recipe Running,125.0,129.007,280.0,274.22,405.0,407.036,920.0,920.435
23/06/26 09:27:30,OXIDE_DEP_2406_A,Deposition,Recipe Running,125.0,129.114,280.0,274.209,405.0,407.058,920.0,920.623
23/06/26 09:27:35,OXIDE_DEP_2406_A,Deposition,Recipe Running,125.0,129.225,280.0,274.198,405.0,407.079,920.0,920.807
23/06/26 09:27:40,OXIDE_DEP_2406_A,Deposition,Recipe Running,125.0,129.341,280.0,274.185,405.0,407.101,920.0,920.987
23/06/26 09:27:45,OXIDE_DEP_2406_A,Deposition,Recipe Running,125.0,129.46,280.0,274.17,405.0,407.122,920.0,921.16
23/06/26 09:27:50,OXIDE_DEP_2406_A,Deposition,Recipe Running,125.0,129.584,280.0,274.153,405.0,407.144,920.0,921.327
23/06/26 09:27:55,OXIDE_DEP_2406_A,Deposition,Recipe Running,125.0,129.71,280.0,274.132,405.0,407.165,920.0,921.486
23/06/26 09:28:00,OXIDE_DEP_2406_A,Deposition,Recipe Running,125.0,129.839,280.0,274.108,405.0,407.186,920.0,921.636
23/06/26 09:28:05,OXIDE_DEP_2406_A,Deposition,Recipe Running,125.0,129.97,280.0,274.08,405.0,407.206,920.0,921.776
23/06/26 09:28:10,OXIDE_DEP_2406_A,Deposition,Recipe Running,125.0,130.102,280.0,274.048,405.0,407.227,920.0,921.906
23/06/26 09:28:15,OXIDE_DEP_2406_A,Deposition,Recipe Running,125.0,130.235,280.0,274.011,405.0,407.248,920.0,922.025
23/06/26 09:28:20,OXIDE_DEP_2406_A,Deposition,Recipe Running,125.0,130.369,280.0,273.968,405.0,407.268,920.0,922.132
23/06/26 09:28:25,OXIDE_DEP_2406_A,Deposition,Recipe Running,125.0,130.502,280.0,273.92,405.0,407.288,920.0,922.226
23/06/26 09:28:30,OXIDE_DEP_2406_A,Deposition,Recipe Running,125.0,130.633,280.0,273.867,405.0,407.308,920.0,922.307
23/06/26 09:28:35,OXIDE_DEP_2406_A,Deposition,Recipe Running,125.0,130.764,280.0,273.808,405.0,407.328,920.0,922.374
23/06/26 09:28:40,OXIDE_DEP_2406_A,Deposition,Recipe Running,125.0,130.891,280.0,273.742,405.0,407.348,920.0,922.427
23/06/26 09:28:45,OXIDE_DEP_2406_A,Deposition,Recipe Running,125.0,131.017,280.0,273.671,405.0,407.368,920.0,922.466
23/06/26 09:28:50,OXIDE_DEP_2406_A,Deposition,Recipe Running,125.0,131.139,280.0,273.593,405.0,407.388,920.0,922.49
23/06/26 09:28:55,OXIDE_DEP_2406_A,Deposition,Recipe Running,125.0,131.257,280.0,273.509,405.0,407.407,920.0,922.5
23/06/26 09:29:00,OXIDE_DEP_2406_A,Deposition,Recipe Running,125.0,131.371,280.0,273.419,405.0,407.426,920.0,894.495
23/06/26 09:29:05,OXIDE_DEP_2406_A,Deposition,Recipe Running,125.0,131.48,280.0,273.323,405.0,407.446,920.0,892.905
23/06/26 09:29:10,OXIDE_DEP_2406_A,Deposition,Recipe Running,125.0,131.584,280.0,273.221,405.0,407.465,920.0,891.307
23/06/26 09:29:15,OXIDE_DEP_2406_A,Deposition,Recipe Running,125.0,131.684,280.0,273.114,405.0,407.484,920.0,889.709
23/06/26 09:29:20,OXIDE_DEP_2406_A,Deposition,Recipe Running,125.0,131.778,280.0,273.001,405.0,407.503,920.0,888.116
23/06/26 09:29:25,OXIDE_DEP_2406_A,Deposition,Recipe Running,125.0,131.866,280.0,272.882,405.0,407.522,920.0,886.536
23/06/26 09:29:30,OXIDE_DEP_2406_A,Deposition,Recipe Running,125.0,131.949,280.0,272.759,405.0,407.54,920.0,884.976
23/06/26 09:29:35,OXIDE_DEP_2406_A,Deposition,Recipe Running,125.0,132.026,280.0,272.632,405.0,407.559,920.0,883.443
23/06/26 09:29:40,OXIDE_DEP_2406_A,Deposition,Recipe Running,125.0,132.098,280.0,272.5,405.0,407.577,920.0,881.942
23/06/26 09:29:45,OXIDE_DEP_2406_A,Deposition,Recipe Running,125.0,132.165,280.0,272.365,405.0,407.596,920.0,880.482
23/06/26 09:29:50,OXIDE_DEP_2406_A,Deposition,Recipe Running,125.0,132.227,280.0,272.227,405.0,407.614,920.0,879.068
23/06/26 09:29:55,OXIDE_DEP_2406_A,Deposition,Recipe Running,125.0,132.283,280.0,272.086,405.0,407.632,920.0,877.706
23/06/26 09:30:00,OXIDE_DEP_2406_A,Deposition,Recipe Running,125.0,132.335,280.0,271.942,405.0,407.65,920.0,876.404
23/06/26 09:30:05,OXIDE_DEP_2406_A,Deposition,Recipe Running,125.0,132.383,280.0,271.798,405.0,407.668,920.0,875.166
23/06/26 09:30:10,OXIDE_DEP_2406_A,Deposition,Recipe Running,125.0,132.428,280.0,271.652,405.0,407.686,920.0,873.998
23/06/26 09:30:15,OXIDE_DEP_2406_A,Deposition,Recipe Running,125.0,132.469,280.0,271.506,405.0,407.704,920.0,872.905
23/06/26 09:30:20,OXIDE_DEP_2406_A,Deposition,Recipe Running,125.0,132.507,280.0,271.36,405.0,407.722,920.0,871.893
23/06/26 09:30:25,OXIDE_DEP_2406_A,Deposition,Recipe Running,125.0,132.543,280.0,271.214,405.0,407.739,920.0,870.965
23/06/26 09:30:30,OXIDE_DEP_2406_A,Deposition,Recipe Running,125.0,132.578,280.0,271.07,405.0,407.757,920.0,870.127
23/06/26 09:30:35,OXIDE_DEP_2406_A,Deposition,Recipe Running,125.0,132.612,280.0,270.927,405.0,407.774,920.0,869.383
23/06/26 09:30:40,OXIDE_DEP_2406_A,Deposition,Recipe Running,125.0,132.645,280.0,270.787,405.0,407.792,920.0,868.734
23/06/26 09:30:45,OXIDE_DEP_2406_A,Deposition,Recipe Running,125.0,132.679,280.0,270.649,405.0,407.809,920.0,868.186
23/06/26 09:30:50,OXIDE_DEP_2406_A,Deposition,Recipe Running,125.0,132.713,280.0,270.515,405.0,407.827,920.0,867.74
23/06/26 09:30:55,OXIDE_DEP_2406_A,Deposition,Recipe Running,125.0,132.749,280.0,270.385,405.0,407.844,920.0,867.399
23/06/26 09:31:00,OXIDE_DEP_2406_A,Deposition,Recipe Running,125.0,132.787,280.0,270.258,405.0,407.861,920.0,867.164
23/06/26 09:31:05,OXIDE_DEP_2406_A,Deposition,Recipe Running,125.0,132.828,280.0,270.137,405.0,407.878,920.0,867.037
23/06/26 09:31:10,OXIDE_DEP_2406_A,Deposition,Recipe Running,125.0,132.872,280.0,270.02,405.0,407.895,920.0,867.018
23/06/26 09:31:15,OXIDE_DEP_2406_A,Deposition,Recipe Running,125.0,132.919,280.0,269.908,405.0,407.912,920.0,867.108
23/06/26 09:31:20,OXIDE_DEP_2406_A,Deposition,Recipe Running,125.0,132.971,280.0,269.802,405.0,407.929,920.0,867.307
23/06/26 09:31:25,OXIDE_DEP_2406_A,Deposition,Recipe Running,125.0,133.027,280.0,269.702,405.0,407.946,920.0,867.615
23/06/26 09:31:30,OXIDE_DEP_2406_A,Deposition,Recipe Running,125.0,133.088,280.0,269.608,405.0,407.963,920.0,868.029
23/06/26 09:31:35,OXIDE_DEP_2406_A,Deposition,Recipe Running,125.0,133.153,280.0,269.52,405.0,407.98,920.0,868.549
23/06/26 09:31:40,OXIDE_DEP_2406_A,Deposition,Recipe Running,125.0,133.225,280.0,269.438,405.0,407.997,920.0,869.173
23/06/26 09:31:45,OXIDE_DEP_2406_A,Deposition,Recipe Running,125.0,133.301,280.0,269.362,405.0,408.014,920.0,869.897
23/06/26 09:31:50,OXIDE_DEP_2406_A,Deposition,Recipe Running,125.0,133.384,280.0,269.292,405.0,408.031,920.0,870.72
23/06/26 09:31:55,OXIDE_DEP_2406_A,Deposition,Recipe Running,125.0,133.471,280.0,269.228,405.0,408.048,920.0,871.638
23/06/26 09:32:00,OXIDE_DEP_2406_A,Deposition,Recipe Running,125.0,133.565,280.0,269.171,405.0,408.065,920.0,872.646
23/06/26 09:32:05,OXIDE_DEP_2406_A,Deposition,Recipe Running,125.0,133.663,280.0,269.119,405.0,408.082,920.0,873.741
23/06/26 09:32:10,OXIDE_DEP_2406_A,Deposition,Recipe Running,125.0,133.767,280.0,269.073,405.0,408.098,920.0,874.919
23/06/26 09:32:15,OXIDE_DEP_2406_A,Deposition,Recipe Running,125.0,133.876,280.0,269.032,405.0,408.115,920.0,876.174
23/06/26 09:32:20,OXIDE_DEP_2406_A,Deposition,Recipe Running,125.0,133.989,280.0,268.996,405.0,408.132,920.0,877.5
23/06/26 09:32:25,OXIDE_DEP_2406_A,Deposition,Recipe Running,125.0,134.107,280.0,268.965,405.0,408.149,920.0,878.893
23/06/26 09:32:30,OXIDE_DEP_2406_A,Deposition,Recipe Running,125.0,134.228,280.0,268.938,405.0,408.166,920.0,880.346
23/06/26 09:32:35,OXIDE_DEP_2406_A,Deposition,Recipe Running,125.0,134.353,280.0,268.915,405.0,408.183,920.0,881.852
23/06/26 09:32:40,OXIDE_DEP_2406_A,Deposition,Recipe Running,125.0,134.48,280.0,268.896,405.0,408.199,920.0,883.407
23/06/26 09:32:45,OXIDE_DEP_2406_A,Deposition,Recipe Running,125.0,134.61,280.0,268.879,405.0,408.216,920.0,885.001
23/06/26 09:32:50,OXIDE_DEP_2406_A,Deposition,Recipe Running,125.0,134.742,280.0,268.865,405.0,408.233,920.0,886.63
23/06/26 09:32:55,OXIDE_DEP_2406_A,Deposition,Recipe Running,125.0,134.875,280.0,268.853,405.0,408.25,920.0,888.285
23/06/26 09:33:00,OXIDE_DEP_2406_A,Deposition,Recipe Running,125.0,135.008,280.0,268.842,405.0,408.267,920.0,917.96
23/06/26 09:33:05,OXIDE_DEP_2406_A,Deposition,Recipe Running,125.0,135.141,280.0,268.831,405.0,408.284,920.0,918.077
23/06/26 09:33:10,OXIDE_DEP_2406_A,Deposition,Recipe Running,125.0,135.274,280.0,268.821,405.0,408.301,920.0,918.206
23/06/26 09:33:15,OXIDE_DEP_2406_A,Deposition,Recipe Running,125.0,135.405,280.0,268.811,405.0,408.318,920.0,918.345
23/06/26 09:33:20,OXIDE_DEP_2406_A,Deposition,Recipe Running,125.0,135.534,280.0,268.8,405.0,408.335,920.0,918.494
23/06/26 09:33:25,OXIDE_DEP_2406_A,Deposition,Recipe Running,125.0,135.661,280.0,268.787,405.0,408.353,920.0,918.651
23/06/26 09:33:30,OXIDE_DEP_2406_A,Deposition,Recipe Running,125.0,135.784,280.0,268.773,405.0,408.37,920.0,918.817
23/06/26 09:33:35,OXIDE_DEP_2406_A,Deposition,Recipe Running,125.0,135.905,280.0,268.755,405.0,408.387,920.0,918.99
23/06/26 09:33:40,OXIDE_DEP_2406_A,Deposition,Recipe Running,125.0,136.021,280.0,268.735,405.0,408.404,920.0,919.169
23/06/26 09:33:45,OXIDE_DEP_2406_A,Deposition,Recipe Running,125.0,136.133,280.0,268.712,405.0,408.422,920.0,919.352
23/06/26 09:33:50,OXIDE_DEP_2406_A,Deposition,Recipe Running,125.0,136.24,280.0,268.684,405.0,408.439,920.0,919.54
23/06/26 09:33:55,OXIDE_DEP_2406_A,Deposition,Recipe Running,125.0,136.342,280.0,268.652,405.0,408.457,920.0,919.73
23/06/26 09:34:00,OXIDE_DEP_2406_A,Deposition,Recipe Running,125.0,125.439,280.0,280.616,405.0,404.874,920.0,919.922
23/06/26 09:34:05,OXIDE_DEP_2406_A,Deposition,Recipe Running,125.0,125.447,280.0,280.652,405.0,404.869,920.0,920.114
23/06/26 09:34:10,OXIDE_DEP_2406_A,Deposition,Recipe Running,125.0,125.45,280.0,280.683,405.0,404.864,920.0,920.306
23/06/26 09:34:15,OXIDE_DEP_2406_A,Deposition,Recipe Running,125.0,125.447,280.0,280.708,405.0,404.859,920.0,920.495
23/06/26 09:34:20,OXIDE_DEP_2406_A,Deposition,Recipe Running,125.0,125.439,280.0,280.728,405.0,404.854,920.0,920.682
23/06/26 09:34:25,OXIDE_DEP_2406_A,Deposition,Recipe Running,125.0,125.425,280.0,280.741,405.0,404.849,920.0,920.865
23/06/26 09:34:30,OXIDE_DEP_2406_A,Deposition,Recipe Running,125.0,125.406,280.0,280.749,405.0,404.844,920.0,921.043
23/06/26 09:34:35,OXIDE_DEP_2406_A,Deposition,Recipe Running,125.0,125.382,280.0,280.75,405.0,404.839,920.0,921.214
23/06/26 09:34:40,OXIDE_DEP_2406_A,Deposition,Recipe Running,125.0,125.353,280.0,280.745,405.0,404.835,920.0,921.379
23/06/26 09:34:45,OXIDE_DEP_2406_A,Deposition,Recipe Running,125.0,125.32,280.0,280.734,405.0,404.83,920.0,921.535
23/06/26 09:34:50,OXIDE_DEP_2406_A,Deposition,Recipe Running,125.0,125.283,280.0,280.716,405.0,404.826,920.0,921.682
23/06/26 09:34:55,OXIDE_DEP_2406_A,Deposition,Recipe Running,125.0,125.242,280.0,280.693,405.0,404.822,920.0,921.819
23/06/26 09:35:00,OXIDE_DEP_2406_A,Plasma Clean,Recipe Running,0.0,0.199,70.0,70.664,395.0,394.817,650.0,651.945
23/06/26 09:35:05,OXIDE_DEP_2406_A,Plasma Clean,Recipe Running,0.0,0.153,70.0,70.63,395.0,394.813,650.0,652.06
23/06/26 09:35:10,OXIDE_DEP_2406_A,Plasma Clean,Recipe Running,0.0,0.105,70.0,70.59,395.0,394.809,650.0,652.163
23/06/26 09:35:15,OXIDE_DEP_2406_A,Plasma Clean,Recipe Running,0.0,0.056,70.0,70.546,395.0,394.805,650.0,652.253
23/06/26 09:35:20,OXIDE_DEP_2406_A,Plasma Clean,Recipe Running,0.0,0.006,70.0,70.497,395.0,394.802,650.0,652.33
23/06/26 09:35:25,OXIDE_DEP_2406_A,Plasma Clean,Recipe Running,0.0,-0.044,70.0,70.444,395.0,394.798,650.0,652.392
23/06/26 09:35:30,OXIDE_DEP_2406_A,Plasma Clean,Recipe Running,0.0,-0.094,70.0,70.387,395.0,394.794,650.0,652.441
23/06/26 09:35:35,OXIDE_DEP_2406_A,Plasma Clean,Recipe Running,0.0,-0.142,70.0,70.327,395.0,394.791,650.0,652.475
23/06/26 09:35:40,OXIDE_DEP_2406_A,Plasma Clean,Recipe Running,0.0,-0.188,70.0,70.265,395.0,394.788,650.0,652.495
23/06/26 09:35:45,OXIDE_DEP_2406_A,Plasma Clean,Recipe Running,0.0,-0.232,70.0,70.2,395.0,394.785,650.0,652.5
23/06/26 09:35:50,OXIDE_DEP_2406_A,Plasma Clean,Recipe Running,0.0,-0.274,70.0,70.134,395.0,394.782,650.0,652.49
23/06/26 09:35:55,OXIDE_DEP_2406_A,Plasma Clean,Recipe Running,0.0,-0.312,70.0,70.066,395.0,394.779,650.0,652.465
23/06/26 09:36:00,OXIDE_DEP_2406_A,Plasma Clean,Recipe Running,0.0,-0.346,70.0,69.998,395.0,394.776,650.0,652.426
23/06/26 09:36:05,OXIDE_DEP_2406_A,Plasma Clean,Recipe Running,0.0,-0.376,70.0,69.93,395.0,394.773,650.0,652.372
23/06/26 09:36:10,OXIDE_DEP_2406_A,Plasma Clean,Recipe Running,0.0,-0.401,70.0,69.862,395.0,394.771,650.0,652.305
23/06/26 09:36:15,OXIDE_DEP_2406_A,Plasma Clean,Recipe Running,0.0,-0.421,70.0,69.796,395.0,394.768,650.0,652.223
23/06/26 09:36:20,OXIDE_DEP_2406_A,Plasma Clean,Recipe Running,0.0,-0.436,70.0,69.731,395.0,394.766,650.0,652.129
23/06/26 09:36:25,OXIDE_DEP_2406_A,Plasma Clean,Recipe Running,0.0,-0.446,70.0,69.669,395.0,394.764,650.0,652.022
23/06/26 09:36:30,OXIDE_DEP_2406_A,Plasma Clean,Recipe Running,0.0,-0.45,70.0,69.609,395.0,394.762,650.0,651.903
23/06/26 09:36:35,OXIDE_DEP_2406_A,Plasma Clean,Recipe Running,0.0,-0.448,70.0,69.553,395.0,394.76,650.0,651.773
23/06/26 09:36:40,OXIDE_DEP_2406_A,Plasma Clean,Recipe Running,0.0,-0.442,70.0,69.5,395.0,394.759,650.0,651.632
23/06/26 09:36:45,OXIDE_DEP_2406_A,Plasma Clean,Recipe Running,0.0,-0.429,70.0,69.451,395.0,394.757,650.0,651.482
23/06/26 09:36:50,OXIDE_DEP_2406_A,Plasma Clean,Recipe Running,0.0,-0.412,70.0,69.407,395.0,394.756,650.0,651.323
23/06/26 09:36:55,OXIDE_DEP_2406_A,Plasma Clean,Recipe Running,0.0,-0.389,70.0,69.368,395.0,394.755,650.0,651.156
23/06/26 09:37:00,OXIDE_DEP_2406_A,Plasma Clean,Recipe Running,0.0,-0.361,70.0,69.334,395.0,394.753,650.0,650.982
23/06/26 09:37:05,OXIDE_DEP_2406_A,Plasma Clean,Recipe Running,0.0,-0.329,70.0,69.305,395.0,394.753,650.0,650.802
23/06/26 09:37:10,OXIDE_DEP_2406_A,Plasma Clean,Recipe Running,0.0,-0.293,70.0,69.282,395.0,394.752,650.0,650.618
23/06/26 09:37:15,OXIDE_DEP_2406_A,Plasma Clean,Recipe Running,0.0,-0.254,70.0,69.266,395.0,394.751,650.0,650.43
23/06/26 09:37:20,OXIDE_DEP_2406_A,Plasma Clean,Recipe Running,0.0,-0.211,70.0,69.255,395.0,394.751,650.0,650.24
23/06/26 09:37:25,OXIDE_DEP_2406_A,Plasma Clean,Recipe Running,0.0,-0.165,70.0,69.25,395.0,394.75,650.0,650.048
23/06/26 09:37:30,OXIDE_DEP_2406_A,Plasma Clean,Recipe Running,0.0,-0.118,70.0,69.252,395.0,394.75,650.0,649.855
23/06/26 09:37:35,OXIDE_DEP_2406_A,Plasma Clean,Recipe Running,0.0,-0.069,70.0,69.259,395.0,394.75,650.0,649.664
23/06/26 09:37:40,OXIDE_DEP_2406_A,Plasma Clean,Recipe Running,0.0,-0.019,70.0,69.273,395.0,394.75,650.0,649.475
23/06/26 09:37:45,OXIDE_DEP_2406_A,Plasma Clean,Recipe Running,0.0,0.031,70.0,69.293,395.0,394.75,650.0,649.288
23/06/26 09:37:50,OXIDE_DEP_2406_A,Plasma Clean,Recipe Running,0.0,0.08,70.0,69.319,395.0,394.751,650.0,649.106
23/06/26 09:37:55,OXIDE_DEP_2406_A,Plasma Clean,Recipe Running,0.0,0.129,70.0,69.35,395.0,394.751,650.0,648.93
23/06/26 09:38:00,OXIDE_DEP_2406_A,Plasma Clean,Recipe Running,0.0,0.176,70.0,69.387,395.0,394.752,650.0,648.759
23/06/26 09:38:05,OXIDE_DEP_2406_A,Plasma Clean,Recipe Running,0.0,0.221,70.0,69.429,395.0,394.753,650.0,648.596
23/06/26 09:38:10,OXIDE_DEP_2406_A,Plasma Clean,Recipe Running,0.0,0.263,70.0,69.475,395.0,394.754,650.0,648.441
23/06/26 09:38:15,OXIDE_DEP_2406_A,Plasma Clean,Recipe Running,0.0,0.302,70.0,69.526,395.0,394.755,650.0,648.296
23/06/26 09:38:20,OXIDE_DEP_2406_A,Plasma Clean,Recipe Running,0.0,0.337,70.0,69.581,395.0,394.756,650.0,648.16
23/06/26 09:38:25,OXIDE_DEP_2406_A,Plasma Clean,Recipe Running,0.0,0.368,70.0,69.639,395.0,394.758,650.0,648.035
23/06/26 09:38:30,OXIDE_DEP_2406_A,Plasma Clean,Recipe Running,0.0,0.394,70.0,69.7,395.0,394.759,650.0,647.922
23/06/26 09:38:35,OXIDE_DEP_2406_A,Plasma Clean,Recipe Running,0.0,0.416,70.0,69.764,395.0,394.761,650.0,647.822
23/06/26 09:38:40,OXIDE_DEP_2406_A,Plasma Clean,Recipe Running,0.0,0.432,70.0,69.829,395.0,394.763,650.0,647.734
23/06/26 09:38:45,OXIDE_DEP_2406_A,Plasma Clean,Recipe Running,0.0,0.444,70.0,69.896,395.0,394.765,650.0,647.659
23/06/26 09:38:50,OXIDE_DEP_2406_A,Plasma Clean,Recipe Running,0.0,0.449,70.0,69.964,395.0,394.767,650.0,647.599
23/06/26 09:38:55,OXIDE_DEP_2406_A,Plasma Clean,Recipe Running,0.0,0.449,70.0,70.032,395.0,394.769,650.0,647.552
23/06/26 09:39:00,OXIDE_DEP_2406_A,Plasma Clean,Recipe Running,0.0,0.444,70.0,70.1,395.0,394.772,650.0,647.521
23/06/26 09:39:05,OXIDE_DEP_2406_A,Plasma Clean,Recipe Running,0.0,0.433,70.0,70.167,395.0,394.774,650.0,647.503
23/06/26 09:39:10,OXIDE_DEP_2406_A,Plasma Clean,Recipe Running,0.0,0.417,70.0,70.233,395.0,394.777,650.0,647.501
23/06/26 09:39:15,OXIDE_DEP_2406_A,Plasma Clean,Recipe Running,0.0,0.396,70.0,70.297,395.0,394.78,650.0,647.513
23/06/26 09:39:20,OXIDE_DEP_2406_A,Plasma Clean,Recipe Running,0.0,0.369,70.0,70.358,395.0,394.783,650.0,647.54
23/06/26 09:39:25,OXIDE_DEP_2406_A,Plasma Clean,Recipe Running,0.0,0.339,70.0,70.416,395.0,394.786,650.0,647.582
23/06/26 09:39:30,OXIDE_DEP_2406_A,Plasma Clean,Recipe Running,0.0,0.304,70.0,70.471,395.0,394.789,650.0,647.638
23/06/26 09:39:35,OXIDE_DEP_2406_A,Plasma Clean,Recipe Running,0.0,0.265,70.0,70.522,395.0,394.792,650.0,647.707
23/06/26 09:39:40,OXIDE_DEP_2406_A,Plasma Clean,Recipe Running,0.0,0.223,70.0,70.569,395.0,394.796,650.0,647.791
23/06/26 09:39:45,OXIDE_DEP_2406_A,Plasma Clean,Recipe Running,0.0,0.178,70.0,70.611,395.0,394.799,650.0,647.887
23/06/26 09:39:50,OXIDE_DEP_2406_A,Plasma Clean,Recipe Running,0.0,0.131,70.0,70.648,395.0,394.803,650.0,647.996
23/06/26 09:39:55,OXIDE_DEP_2406_A,Plasma Clean,Recipe Running,0.0,0.083,70.0,70.68,395.0,394.807,650.0,648.117
23/06/26 09:40:00,OXIDE_DEP_2406_A,Plasma Clean,Recipe Running,0.0,0.033,70.0,70.706,395.0,394.811,650.0,648.249
23/06/26 09:40:05,OXIDE_DEP_2406_A,Plasma Clean,Recipe Running,0.0,-0.017,70.0,70.726,395.0,394.815,650.0,648.391
23/06/26 09:40:10,OXIDE_DEP_2406_A,Plasma Clean,Recipe Running,0.0,-0.067,70.0,70.74,395.0,394.819,650.0,648.543
23/06/26 09:40:15,OXIDE_DEP_2406_A,Plasma Clean,Recipe Running,0.0,-0.116,70.0,70.748,395.0,394.823,650.0,648.703
23/06/26 09:40:20,OXIDE_DEP_2406_A,Plasma Clean,Recipe Running,0.0,-0.163,70.0,70.75,395.0,394.827,650.0,648.871
23/06/26 09:40:25,OXIDE_DEP_2406_A,Plasma Clean,Recipe Running,0.0,-0.209,70.0,70.746,395.0,394.832,650.0,649.046
23/06/26 09:40:30,OXIDE_DEP_2406_A,Plasma Clean,Recipe Running,0.0,-0.251,70.0,70.735,395.0,394.837,650.0,649.227
23/06/26 09:40:35,OXIDE_DEP_2406_A,Plasma Clean,Recipe Running,0.0,-0.291,70.0,70.719,395.0,394.841,650.0,649.412
23/06/26 09:40:40,OXIDE_DEP_2406_A,Plasma Clean,Recipe Running,0.0,-0.328,70.0,70.696,395.0,394.846,650.0,649.6
23/06/26 09:40:45,OXIDE_DEP_2406_A,Plasma Clean,Recipe Running,0.0,-0.36,70.0,70.668,395.0,394.851,650.0,649.791
23/06/26 09:40:50,OXIDE_DEP_2406_A,Plasma Clean,Recipe Running,0.0,-0.387,70.0,70.634,395.0,394.856,650.0,649.983
23/06/26 09:40:55,OXIDE_DEP_2406_A,Plasma Clean,Recipe Running,0.0,-0.41,70.0,70.595,395.0,394.861,650.0,650.175
23/06/26 09:41:00,OXIDE_DEP_2406_A,Purge,Recipe Running,0.0,-0.428,45.0,45.551,385.0,384.866,0.0,0.366
23/06/26 09:41:05,OXIDE_DEP_2406_A,Purge,Recipe Running,0.0,-0.441,45.0,45.503,385.0,384.871,0.0,0.555
23/06/26 09:41:10,OXIDE_DEP_2406_A,Purge,Recipe Running,0.0,-0.448,45.0,45.45,385.0,384.876,0.0,0.741
23/06/26 09:41:15,OXIDE_DEP_2406_A,Purge,Recipe Running,0.0,-0.45,45.0,45.394,385.0,384.882,0.0,0.922
23/06/26 09:41:20,OXIDE_DEP_2406_A,Purge,Recipe Running,0.0,-0.446,45.0,45.334,385.0,384.887,0.0,1.098
23/06/26 09:41:25,OXIDE_DEP_2406_A,Purge,Recipe Running,0.0,-0.437,45.0,45.272,385.0,384.893,0.0,1.267
23/06/26 09:41:30,OXIDE_DEP_2406_A,Purge,Recipe Running,0.0,-0.422,45.0,45.208,385.0,384.898,0.0,1.429
23/06/26 09:41:35,OXIDE_DEP_2406_A,Purge,Recipe Running,0.0,-0.402,45.0,45.141,385.0,384.904,0.0,1.583
23/06/26 09:41:40,OXIDE_DEP_2406_A,Purge,Recipe Running,0.0,-0.377,45.0,45.074,385.0,384.909,0.0,1.727
23/06/26 09:41:45,OXIDE_DEP_2406_A,Purge,Recipe Running,0.0,-0.347,45.0,45.006,385.0,384.915,0.0,1.861
23/06/26 09:41:50,OXIDE_DEP_2406_A,Purge,Recipe Running,0.0,-0.314,45.0,44.938,385.0,384.921,0.0,1.983
23/06/26 09:41:55,OXIDE_DEP_2406_A,Purge,Recipe Running,0.0,-0.276,45.0,44.87,385.0,384.927,0.0,2.094
23/06/26 09:42:00,OXIDE_DEP_2406_A,Purge,Recipe Running,0.0,-0.235,45.0,44.804,385.0,384.932,0.0,2.193
23/06/26 09:42:05,OXIDE_DEP_2406_A,Purge,Recipe Running,0.0,-0.191,45.0,44.739,385.0,384.938,0.0,2.279
23/06/26 09:42:10,OXIDE_DEP_2406_A,Purge,Recipe Running,0.0,-0.144,45.0,44.676,385.0,384.944,0.0,2.351
23/06/26 09:42:15,OXIDE_DEP_2406_A,Purge,Recipe Running,0.0,-0.096,45.0,44.616,385.0,384.95,0.0,2.409
23/06/26 09:42:20,OXIDE_DEP_2406_A,Purge,Recipe Running,0.0,-0.047,45.0,44.559,385.0,384.956,0.0,2.454
23/06/26 09:42:25,OXIDE_DEP_2406_A,Purge,Recipe Running,0.0,0.003,45.0,44.506,385.0,384.962,0.0,2.483
23/06/26 09:42:30,OXIDE_DEP_2406_A,Purge,Recipe Running,0.0,0.053,45.0,44.457,385.0,384.968,0.0,2.498
23/06/26 09:42:35,OXIDE_DEP_2406_A,Purge,Recipe Running,0.0,0.102,45.0,44.412,385.0,384.974,0.0,2.498
23/06/26 09:42:40,OXIDE_DEP_2406_A,Purge,Recipe Running,0.0,0.15,45.0,44.372,385.0,384.98,0.0,2.484
23/06/26 09:42:45,OXIDE_DEP_2406_A,Purge,Recipe Running,0.0,0.196,45.0,44.337,385.0,384.986,0.0,2.454
23/06/26 09:42:50,OXIDE_DEP_2406_A,Purge,Recipe Running,0.0,0.24,45.0,44.308,385.0,384.993,0.0,2.41
23/06/26 09:42:55,OXIDE_DEP_2406_A,Purge,Recipe Running,0.0,0.281,45.0,44.285,385.0,384.999,0.0,2.352
23/06/26 09:43:00,OXIDE_DEP_2406_A,Purge,Recipe Running,0.0,0.318,45.0,44.267,385.0,385.005,0.0,2.28
23/06/26 09:43:05,OXIDE_DEP_2406_A,Purge,Recipe Running,0.0,0.351,45.0,44.256,385.0,385.011,0.0,2.195
23/06/26 09:43:10,OXIDE_DEP_2406_A,Purge,Recipe Running,0.0,0.38,45.0,44.25,385.0,385.017,0.0,2.096
23/06/26 09:43:15,OXIDE_DEP_2406_A,Purge,Recipe Running,0.0,0.405,45.0,44.251,385.0,385.023,0.0,1.985
23/06/26 09:43:20,OXIDE_DEP_2406_A,Purge,Recipe Running,0.0,0.424,45.0,44.258,385.0,385.029,0.0,1.863
23/06/26 09:43:25,OXIDE_DEP_2406_A,Purge,Recipe Running,0.0,0.438,45.0,44.271,385.0,385.035,0.0,1.729
23/06/26 09:43:30,OXIDE_DEP_2406_A,Purge,Recipe Running,0.0,0.447,45.0,44.291,385.0,385.041,0.0,1.585
23/06/26 09:43:35,OXIDE_DEP_2406_A,Purge,Recipe Running,0.0,0.45,45.0,44.316,385.0,385.047,0.0,1.432
23/06/26 09:43:40,OXIDE_DEP_2406_A,Purge,Recipe Running,0.0,0.448,45.0,44.346,385.0,385.053,0.0,1.27
23/06/26 09:43:45,OXIDE_DEP_2406_A,Purge,Recipe Running,0.0,0.44,45.0,44.382,385.0,385.059,0.0,1.101
23/06/26 09:43:50,OXIDE_DEP_2406_A,Purge,Recipe Running,0.0,0.426,45.0,44.424,385.0,385.065,0.0,0.925
23/06/26 09:43:55,OXIDE_DEP_2406_A,Purge,Recipe Running,0.0,0.408,45.0,44.47,385.0,385.071,0.0,0.744
23/06/26 09:44:00,OXIDE_DEP_2406_A,Purge,Recipe Running,0.0,0.384,45.0,44.52,385.0,385.077,0.0,0.559
23/06/26 09:44:05,OXIDE_DEP_2406_A,Purge,Recipe Running,0.0,0.356,45.0,44.574,385.0,385.082,0.0,0.37
23/06/26 09:44:10,OXIDE_DEP_2406_A,Purge,Recipe Running,0.0,0.323,45.0,44.632,385.0,385.088,0.0,0.179
23/06/26 09:44:15,OXIDE_DEP_2406_A,Purge,Recipe Running,0.0,0.287,45.0,44.693,385.0,385.094,0.0,-0.014
23/06/26 09:44:20,OXIDE_DEP_2406_A,Purge,Recipe Running,0.0,0.246,45.0,44.756,385.0,385.099,0.0,-0.206
23/06/26 09:44:25,OXIDE_DEP_2406_A,Purge,Recipe Running,0.0,0.203,45.0,44.822,385.0,385.105,0.0,-0.397
23/06/26 09:44:30,OXIDE_DEP_2406_A,Purge,Recipe Running,0.0,0.157,45.0,44.888,385.0,385.111,0.0,-0.585
23/06/26 09:44:35,OXIDE_DEP_2406_A,Purge,Recipe Running,0.0,0.11,45.0,44.956,385.0,385.116,0.0,-0.77
23/06/26 09:44:40,OXIDE_DEP_2406_A,Purge,Recipe Running,0.0,0.06,45.0,45.024,385.0,385.121,0.0,-0.951
23/06/26 09:44:45,OXIDE_DEP_2406_A,Purge,Recipe Running,0.0,0.011,45.0,45.092,385.0,385.127,0.0,-1.125
23/06/26 09:44:50,OXIDE_DEP_2406_A,Purge,Recipe Running,0.0,-0.039,45.0,45.16,385.0,385.132,0.0,-1.294
23/06/26 09:44:55,OXIDE_DEP_2406_A,Purge,Recipe Running,0.0,-0.089,45.0,45.225,385.0,385.137,0.0,-1.454
